{
  "schemaVersion": 1,
  "id": "distanthorizons",
  "version": "2.0.2-a-dev",
  "provides": [
    "lod"
  ],
  "name": "Distant Horizons",
  "description": "This mod generates and renders simplified terrain beyond the normal view distance at a low performance cost. Allowing you to see much farther without turning your game into a slideshow.",
  "authors": [
    "James Seibel",
    "Leonardo Amato",
    "Cola",
    "coolGi",
    "Ran",
    "Leetom"
  ],
  "contact": {
    "homepage": "https://modrinth.com/mod/distanthorizons",
    "sources": "https://gitlab.com/jeseibel/distant-horizons",
    "issues": "https://gitlab.com/jeseibel/distant-horizons/-/issues"
  },
  "license": "LGPL-3",
  "icon": "assets/distanthorizons/icon.png",
  "accessWidener": "distanthorizons.accesswidener",
  "environment": "*",
  "entrypoints": {
    "client": [
      "com.seibel.distanthorizons.fabric.FabricMain"
    ],
    "server": [
      "com.seibel.distanthorizons.fabric.FabricMain"
    ],
    "modmenu": [
      "com.seibel.distanthorizons.fabric.wrappers.config.ModMenuIntegration"
    ]
  },
  "mixins": [
    "DistantHorizons.fabric.mixins.json"
  ],
  "depends": {
    "fabricloader": "*",
    "fabric-api-base": "*",
    "fabric-lifecycle-events-v1": "*",
    "fabric-resource-loader-v0": "*",
    "minecraft": [
      "1.20.3",
      "1.20.4"
    ],
    "java": "\u003e\u003d17"
  },
  "custom": {
    "modmenu": {
      "links": {
        "modmenu.discord": "https://discord.gg/xAB8G4cENx"
      }
    }
  },
  "suggests": {
    "blendium": "*"
  },
  "breaks": {},
  "recommends": {
    "indium": "*"
  },
  "jars": [
    {
      "file": "META-INF/jars/fabric-api-base-0.4.35+78d798af4f.jar"
    },
    {
      "file": "META-INF/jars/fabric-lifecycle-events-v1-2.2.29+78d798af4f.jar"
    },
    {
      "file": "META-INF/jars/fabric-resource-loader-v0-0.11.15+78d798af4f.jar"
    },
    {
      "file": "META-INF/jars/fabric-events-interaction-v0-0.6.14+78d798af4f.jar"
    },
    {
      "file": "META-INF/jars/fabric-rendering-v1-3.0.12+78d798af4f.jar"
    },
    {
      "file": "META-INF/jars/fabric-networking-api-v1-3.1.2+78d798af4f.jar"
    },
    {
      "file": "META-INF/jars/fabric-entity-events-v1-1.5.27+78d798af4f.jar"
    },
    {
      "file": "META-INF/jars/fabric-command-api-v2-2.2.19+78d798af4f.jar"
    }
  ]
}