{
  "ability": {
    "abilities": {
      "bonfire": {
        "requiredPoints": 1,
        "requiredLevel": 0,
        "maxLevel": 10,
        "stats": {
          "step": {
            "minInitialValue": 1.0,
            "maxInitialValue": 2.5,
            "upgradeOperation": "MULTIPLY_BASE",
            "upgradeModifier": 0.1
          },
          "speed": {
            "minInitialValue": 0.01,
            "maxInitialValue": 0.05,
            "upgradeOperation": "MULTIPLY_BASE",
            "upgradeModifier": 1.9
          },
          "height": {
            "minInitialValue": 3.0,
            "maxInitialValue": 5.0,
            "upgradeOperation": "ADD",
            "upgradeModifier": 1.0
          }
        }
      }
    }
  },
  "leveling": {
    "initialCost": 100,
    "maxLevel": 10,
    "step": 100
  }
}