{
  "ability": {
    "abilities": {
      "boost": {
        "requiredPoints": 1,
        "requiredLevel": 0,
        "maxLevel": 10,
        "stats": {
          "speed": {
            "minInitialValue": 1.1,
            "maxInitialValue": 1.5,
            "upgradeOperation": "MULTIPLY_BASE",
            "upgradeModifier": 0.1
          },
          "capacity": {
            "minInitialValue": 50.0,
            "maxInitialValue": 100.0,
            "upgradeOperation": "MULTIPLY_BASE",
            "upgradeModifier": 0.25
          }
        }
      }
    }
  },
  "leveling": {
    "initialCost": 100,
    "maxLevel": 10,
    "step": 100
  }
}