{
  "ability": {
    "abilities": {
      "steal": {
        "requiredPoints": 1,
        "requiredLevel": 0,
        "maxLevel": 10,
        "stats": {
          "amount": {
            "minInitialValue": 0.1,
            "maxInitialValue": 0.25,
            "upgradeOperation": "MULTIPLY_BASE",
            "upgradeModifier": 0.2
          },
          "radius": {
            "minInitialValue": 2.0,
            "maxInitialValue": 6.0,
            "upgradeOperation": "MULTIPLY_BASE",
            "upgradeModifier": 0.25
          }
        }
      }
    }
  },
  "leveling": {
    "initialCost": 100,
    "maxLevel": 10,
    "step": 200
  }
}