{
  "ability": {
    "abilities": {
      "paddock": {
        "requiredPoints": 1,
        "requiredLevel": 0,
        "maxLevel": 0,
        "stats": {}
      },
      "heal": {
        "requiredPoints": 1,
        "requiredLevel": 5,
        "maxLevel": 10,
        "stats": {
          "amount": {
            "minInitialValue": 0.01,
            "maxInitialValue": 0.1,
            "upgradeOperation": "MULTIPLY_BASE",
            "upgradeModifier": 1.0
          }
        }
      }
    }
  },
  "leveling": {
    "initialCost": 100,
    "maxLevel": 10,
    "step": 100
  }
}