{
  "ability": {
    "abilities": {
      "slots": {
        "requiredPoints": 2,
        "requiredLevel": 0,
        "maxLevel": 10,
        "stats": {
          "talisman": {
            "minInitialValue": 1.0,
            "maxInitialValue": 2.0,
            "upgradeOperation": "ADD",
            "upgradeModifier": 1.0
          }
        }
      },
      "training": {
        "requiredPoints": 1,
        "requiredLevel": 0,
        "maxLevel": 10,
        "stats": {
          "damage": {
            "minInitialValue": 1.25,
            "maxInitialValue": 2.0,
            "upgradeOperation": "MULTIPLY_BASE",
            "upgradeModifier": 0.15
          }
        }
      }
    }
  },
  "leveling": {
    "initialCost": 100,
    "maxLevel": 10,
    "step": 100
  }
}