{
  "ability": {
    "abilities": {
      "impact": {
        "requiredPoints": 1,
        "requiredLevel": 0,
        "maxLevel": 10,
        "stats": {
          "damage": {
            "minInitialValue": 2.5,
            "maxInitialValue": 5.0,
            "upgradeOperation": "MULTIPLY_BASE",
            "upgradeModifier": 0.25
          },
          "size": {
            "minInitialValue": 2.5,
            "maxInitialValue": 5.0,
            "upgradeOperation": "MULTIPLY_BASE",
            "upgradeModifier": 0.3
          }
        }
      },
      "sustainability": {
        "requiredPoints": 1,
        "requiredLevel": 0,
        "maxLevel": 10,
        "stats": {
          "modifier": {
            "minInitialValue": 0.75,
            "maxInitialValue": 0.5,
            "upgradeOperation": "ADD",
            "upgradeModifier": -0.05
          }
        }
      }
    }
  },
  "leveling": {
    "initialCost": 100,
    "maxLevel": 10,
    "step": 200
  }
}