{
  "ability": {
    "abilities": {
      "teleport": {
        "requiredPoints": 1,
        "requiredLevel": 0,
        "maxLevel": 10,
        "stats": {
          "distance": {
            "minInitialValue": 500.0,
            "maxInitialValue": 1000.0,
            "upgradeOperation": "MULTIPLY_BASE",
            "upgradeModifier": 0.5
          },
          "cooldown": {
            "minInitialValue": 60.0,
            "maxInitialValue": 120.0,
            "upgradeOperation": "MULTIPLY_BASE",
            "upgradeModifier": -0.05
          }
        }
      }
    }
  },
  "leveling": {
    "initialCost": 100,
    "maxLevel": 10,
    "step": 200
  }
}