{
  "ability": {
    "abilities": {
      "backstab": {
        "requiredPoints": 1,
        "requiredLevel": 0,
        "maxLevel": 10,
        "stats": {
          "damage": {
            "minInitialValue": 1.25,
            "maxInitialValue": 1.75,
            "upgradeOperation": "MULTIPLY_BASE",
            "upgradeModifier": 0.1
          },
          "distance": {
            "minInitialValue": 15.0,
            "maxInitialValue": 20.0,
            "upgradeOperation": "ADD",
            "upgradeModifier": -0.5
          }
        }
      },
      "vanish": {
        "requiredPoints": 2,
        "requiredLevel": 0,
        "maxLevel": 10,
        "stats": {
          "light": {
            "minInitialValue": 1.0,
            "maxInitialValue": 2.0,
            "upgradeOperation": "ADD",
            "upgradeModifier": 1.0
          },
          "speed": {
            "minInitialValue": 0.1,
            "maxInitialValue": 0.35,
            "upgradeOperation": "MULTIPLY_BASE",
            "upgradeModifier": 0.35
          }
        }
      }
    }
  },
  "leveling": {
    "initialCost": 100,
    "maxLevel": 10,
    "step": 100
  }
}