{
  "ability": {
    "abilities": {
      "saw": {
        "requiredPoints": 1,
        "requiredLevel": 5,
        "maxLevel": 10,
        "stats": {
          "damage": {
            "minInitialValue": 0.75,
            "maxInitialValue": 1.5,
            "upgradeOperation": "MULTIPLY_BASE",
            "upgradeModifier": 0.2
          },
          "speed": {
            "minInitialValue": 15.0,
            "maxInitialValue": 20.0,
            "upgradeOperation": "ADD",
            "upgradeModifier": -1.0
          }
        }
      },
      "glaive": {
        "requiredPoints": 1,
        "requiredLevel": 0,
        "maxLevel": 10,
        "stats": {
          "damage": {
            "minInitialValue": 2.0,
            "maxInitialValue": 5.0,
            "upgradeOperation": "MULTIPLY_BASE",
            "upgradeModifier": 0.2
          },
          "recharge": {
            "minInitialValue": 30.0,
            "maxInitialValue": 10.0,
            "upgradeOperation": "MULTIPLY_BASE",
            "upgradeModifier": 0.09
          },
          "bounces": {
            "minInitialValue": 3.0,
            "maxInitialValue": 5.0,
            "upgradeOperation": "ADD",
            "upgradeModifier": 1.0
          },
          "radius": {
            "minInitialValue": 2.5,
            "maxInitialValue": 5.0,
            "upgradeOperation": "MULTIPLY_BASE",
            "upgradeModifier": 0.25
          }
        }
      }
    }
  },
  "leveling": {
    "initialCost": 100,
    "maxLevel": 10,
    "step": 100
  }
}