{
  "supplementaries:present": null,
  "supplementaries:safe": null,
  "supplementaries:hat_stand": null,
  "create:blaze_burner": null,
  "create:backtank_capacity": null,
  "create:contraption_inv": null,
  "lootr:inventory": null,
  "create:hide_boiler_tanks": null,
  "create:crafting_blueprint": null,
  "create:placard": null,
  "create:exact_block": null,
  "create:filter": null,
  "create:goggles": null,
  "waystones:waystone": null,
  "mekanism:data_provider": null,
  "mekanism:entity_data_provider": null,
  "mekanism:tooltip_renderer": null,
  "mekanism:remove_builtin": null,
  "minecraft:brewing_stand": null,
  "minecraft:beehive": null,
  "minecraft:command_block": null,
  "minecraft:jukebox": null,
  "minecraft:lectern": null,
  "minecraft:redstone": null,
  "minecraft:furnace": null,
  "minecraft:chiseled_bookshelf": null,
  "minecraft:animal_owner": null,
  "minecraft:potion_effects": null,
  "minecraft:mob_growth": null,
  "minecraft:mob_breeding": null,
  "minecraft:chicken_egg": null,
  "minecraft:zombie_villager": null,
  "minecraft:block_states": null,
  "minecraft:horse_stats": null,
  "minecraft:item_frame": null,
  "minecraft:tnt_stability": null,
  "minecraft:note_block": null,
  "minecraft:armor_stand": null,
  "minecraft:painting": null,
  "minecraft:harvest_tool": null,
  "minecraft:enchantment_power": null,
  "minecraft:total_enchantment_power": null,
  "minecraft:player_head": null,
  "minecraft:item_ber": null,
  "minecraft:villager_profession": null,
  "minecraft:item_tooltip": null,
  "minecraft:falling_block": null,
  "minecraft:entity_health": null,
  "minecraft:entity_armor": null,
  "minecraft:crop_progress": null,
  "minecraft:mob_spawner": null,
  "minecraft:item_display": null,
  "minecraft:block_display": null,
  "minecraft:item_storage": null,
  "minecraft:fluid_storage": null,
  "minecraft:energy_storage": null,
  "minecraft:progress": null,
  "jade:object_name": null,
  "jade:registry_name": null,
  "jade:mod_name": null,
  "jade:distance": null,
  "jade:block_face": null,
  "create_mechanical_spawner:spawner_data": null,
  "apotheosis:spawner": null,
  "apotheosis:ench": null,
  "apotheosis:adventure": null,
  "corpse:corpse": null,
  "ars_nouveau:mob_jar": null,
  "appliedcooking:kitchen_station": null,
  "cookingforblockheads:milk_jar": null,
  "cookingforblockheads:toaster": null,
  "cookingforblockheads:oven": null,
  "cookingforblockheads:fridge": null,
  "cookingforblockheads:sink": null,
  "ae2:server_data": null,
  "ae2:charger": null,
  "ae2:crafting_monitor": null,
  "ae2:pattern_provider": null,
  "ae2:power_storage": null,
  "ae2:grid_node_state": null,
  "ae2:debug": null,
  "ae2:part_name": null,
  "ae2:part_icon": null,
  "ae2:part_tooltip": null,
  "ae2:part_mod_name": null,
  "jadecolonies:colony.hut": null,
  "jadecolonies:colony.pack": null,
  "jadecolonies:domum.materials": null,
  "jadecolonies:colony.citizens": null,
  "jadecolonies:colony.colonist": null,
  "jadecolonies:colony.visitor_cost": null,
  "delightful:crop_progress": null,
  "pneumaticcraft:pneumatic": null,
  "pneumaticcraft:semiblock": null,
  "pneumaticcraft:redstone": null,
  "pneumaticcraft:tube_module": null,
  "pneumaticcraft:entity": null,
  "pneumaticcraft:camo": null,
  "twilightforest:quest_ram_wool": null,
  "theurgy:mercury_flux": null,
  "reliquary:mortar": null,
  "reliquary:altar": null,
  "reliquary:cauldron": null,
  "reliquary:pedestal": null,
  "lootr:info": null,
  "apotheosis:spawner": null,
  "apotheosis:ench": null,
  "apotheosis:adventure": null,
  "supplementaries:present": null,
  "supplementaries:safe": null,
  "supplementaries:hat_stand": null,
  "corpse:corpse": null,
  "lootr:info": null,
  "lootr:inventory": null,
  "create:blaze_burner": null,
  "create:backtank_capacity": null,
  "create:contraption_inv": null,
  "create:hide_boiler_tanks": null,
  "create:crafting_blueprint": null,
  "create:placard": null,
  "create:exact_block": null,
  "create:filter": null,
  "create:goggles": null,
  "pneumaticcraft:pneumatic": null,
  "pneumaticcraft:semiblock": null,
  "pneumaticcraft:redstone": null,
  "pneumaticcraft:tube_module": null,
  "pneumaticcraft:entity": null,
  "pneumaticcraft:camo": null,
  "mekanism:data_provider": null,
  "mekanism:entity_data_provider": null,
  "mekanism:tooltip_renderer": null,
  "mekanism:remove_builtin": null,
  "ars_nouveau:mob_jar": null,
  "twilightforest:quest_ram_wool": null,
  "delightful:crop_progress": null,
  "create_mechanical_spawner:spawner_data": null,
  "waystones:waystone": null,
  "appliedcooking:kitchen_station": null,
  "cookingforblockheads:milk_jar": null,
  "cookingforblockheads:toaster": null,
  "cookingforblockheads:oven": null,
  "cookingforblockheads:fridge": null,
  "cookingforblockheads:sink": null,
  "minecraft:brewing_stand": null,
  "minecraft:beehive": null,
  "minecraft:command_block": null,
  "minecraft:jukebox": null,
  "minecraft:lectern": null,
  "minecraft:redstone": null,
  "minecraft:furnace": null,
  "minecraft:chiseled_bookshelf": null,
  "minecraft:animal_owner": null,
  "minecraft:potion_effects": null,
  "minecraft:mob_growth": null,
  "minecraft:mob_breeding": null,
  "minecraft:chicken_egg": null,
  "minecraft:zombie_villager": null,
  "minecraft:block_states": null,
  "minecraft:horse_stats": null,
  "minecraft:item_frame": null,
  "minecraft:tnt_stability": null,
  "minecraft:note_block": null,
  "minecraft:armor_stand": null,
  "minecraft:painting": null,
  "minecraft:harvest_tool": null,
  "minecraft:enchantment_power": null,
  "minecraft:total_enchantment_power": null,
  "minecraft:player_head": null,
  "minecraft:item_ber": null,
  "minecraft:villager_profession": null,
  "minecraft:item_tooltip": null,
  "minecraft:falling_block": null,
  "minecraft:entity_health": null,
  "minecraft:entity_armor": null,
  "minecraft:crop_progress": null,
  "minecraft:mob_spawner": null,
  "minecraft:item_display": null,
  "minecraft:block_display": null,
  "minecraft:item_storage": null,
  "minecraft:fluid_storage": null,
  "minecraft:energy_storage": null,
  "minecraft:progress": null,
  "jade:object_name": null,
  "jade:registry_name": null,
  "jade:mod_name": null,
  "jade:distance": null,
  "jade:block_face": null,
  "ae2:server_data": null,
  "ae2:charger": null,
  "ae2:crafting_monitor": null,
  "ae2:pattern_provider": null,
  "ae2:power_storage": null,
  "ae2:grid_node_state": null,
  "ae2:debug": null,
  "ae2:part_name": null,
  "ae2:part_icon": null,
  "ae2:part_tooltip": null,
  "ae2:part_mod_name": null,
  "theurgy:mercury_flux": null,
  "reliquary:mortar": null,
  "reliquary:altar": null,
  "reliquary:cauldron": null,
  "reliquary:pedestal": null,
  "jadecolonies:colony.hut": null,
  "jadecolonies:colony.pack": null,
  "jadecolonies:domum.materials": null,
  "jadecolonies:colony.citizens": null,
  "jadecolonies:colony.colonist": null,
  "jadecolonies:colony.visitor_cost": null
}